{
    "sequence1" : {
        "x" : -0.702838659286499,
        "y" : -0.730361580848694,
        "z" : 0.897378146648407,
        "y_rotation" : 0
    }
}