{
    "sequence2" : {
        "x" : -3.00000023841858,
        "y" : -0.730361580848694,
        "z" : 0.800000071525574,
        "y_rotation" : 140
    }
}