{
    "sequence1" : {
        "x" : -2.70781803131104,
        "y" : -0.730361580848694,
        "z" : 0.500583410263062,
        "y_rotation" : 0
    }
}