{
    "sequence3" : {
        "x" : -0.622452199459076,
        "y" : -0.730361580848694,
        "z" : 1.53989636898041,
        "y_rotation" : 90
    }
}