{
    "sequence2" : {
        "x" : -0.813297390937805,
        "y" : -0.730361580848694,
        "z" : -1.86666655540466,
        "y_rotation" : 0
    }
}